username,email,password,first_name,last_name
m.rossi,m.rossi@email.com,abcdefg,Mario,Rossi
p.bianchi,p.bianchi@email.com,abc,Pietro,Bianchi
g.neri,g.neri@email.com,abc,Giovanni,Neri
g.verdi,g.verdi@email.com,abc,Giuseppe,Verdi
prova.1,prova.1@email.com,abc,Prova,1
prova.2,prova.2@email.com,abc,Prova,2
prova.3,prova.3@email.com,abc,Prova,3
prova.4,prova.4@email.com,abc,Prova,4
prova.5,prova.5@email.com,abc,Prova,5
prova.6,prova.6@email.com,abc,Prova,6
prova.7,prova.7@email.com,abc,Prova,7
prova.8,prova.8@email.com,abc,Prova,8
prova.9,prova.9@email.com,abc,Prova,9
prova.10,prova.10@email.com,abc,Prova,10
prova.11,prova.11@email.com,abc,Prova,11
prova.12,prova.12@email.com,abc,Prova,12
prova.13,prova.13@email.com,abc,Prova,13
prova.14,prova.14@email.com,abc,Prova,14
prova.15,prova.15@email.com,abc,Prova,15
prova.16,prova.16@email.com,abc,Prova,16
prova.17,prova.17@email.com,abc,Prova,17
prova.18,prova.18@email.com,abc,Prova,18
prova.19,prova.19@email.com,abc,Prova,19
prova.20,prova.20@email.com,abc,Prova,20
prova.21,prova.21@email.com,abc,Prova,21
